Depth,FishDensity
769.5,3.358392645
158.021083,2.962225476
285.3,2.507803121
0.1,4.2
700.2,3.053289831
836.6,2.518073914
548.1,4.335437212
452.5,4.132465327
1357.7,0.050166213
956.9,1.85202864
902.8,2.577268049
608.1,2.83793795
9.2,2.44683094
1230.2,0.8
1404.6,0.03197026
1316.4,0.2
1351,0.07540501
1356.2,0.1
1194.880761,1.002773009
1400,0.09365339
1390.100579,0.088670743
1389.3,0.08822581
1330.2,0.12010089
1281.8,0.09200155
1352.5,0.13253012
