Concentration,DeadArea
0,0
0,17.5
0,16.6666667
0,25
1,18.3333333
1,11.6666667
1,10
1,18.3333333
2,6.6666667
2,14.5833333
2,20.8333333
2,4.1666667
4,25
4,30
4,36.6666667
4,35
8,100
8,100
8,80
8,100
16,100
16,100
16,100
16,100
